"Notes","County of Residence","County of Residence Code","Mother's Single Race 6","Mother's Single Race 6 Code",Births
,"Unidentified Counties, WY","56999","American Indian or Alaska Native","1002-5",226
,"Unidentified Counties, WY","56999","Asian","A",77
,"Unidentified Counties, WY","56999","Black or African American","2054-5",66
,"Unidentified Counties, WY","56999","Native Hawaiian or Other Pacific Islander","NHOPI",10
,"Unidentified Counties, WY","56999","White","2106-3",5494
,"Unidentified Counties, WY","56999","More than one race","M",176
,"Unidentified Counties, WY","56999","Unknown or Not Stated","UNK",0
,"Unidentified Counties, WY","56999","Not Available","NA",0
,"Unidentified Counties, WY","56999","Not Reported","NR",0
"---"
"Dataset: Natality, 2016-2024 expanded"
"Query Parameters:"
"States: Wyoming (56)"
"Year: 2022"
"Group By: County of Residence; Mother's Single Race 6"
"Show Totals: False"
"Show Zero Values: True"
"Show Suppressed: True"
"Calculate Rates Per: 1,000"
"---"
"Help: See http://wonder.cdc.gov/wonder/help/natality-expanded.html for more information."
"---"
"Query Date: Sep 18, 2026 6:34:03 PM"
"---"
"Suggested Citation: Centers for Disease Control and Prevention, National Center for Health Statistics. National Vital Statistics"
"System, Natality on CDC WONDER Online Database. Data are from the Natality Records 2016-2024, as compiled from data provided by"
"the 57 vital statistics jurisdictions through the Vital Statistics Cooperative Program. Accessed at"
"http://wonder.cdc.gov/natality-expanded-current.html on Sep 18, 2026 6:34:03 PM"
"---"
Caveats:
"1. Each birth record represents one liveborn infant."
"2. County-level data are shown only for counties with populations of 100,000 persons or more. Within each state, data for all"
"counties with fewer than 100,000 persons are combined together under the label ""Unidentified Counties."""