"Notes","Delivery Method","Delivery Method Code",Births
,"Vaginal","1",2621010
,"Cesarean","2",1232339
,"Unknown or Not Stated","9",2151
"---"
"Dataset: Natality, 2016-2024 expanded"
"Query Parameters:"
"Year: 2017"
"Group By: Delivery Method"
"Show Totals: False"
"Show Zero Values: True"
"Show Suppressed: True"
"Calculate Rates Per: 1,000"
"---"
"Help: See http://wonder.cdc.gov/wonder/help/natality-expanded.html for more information."
"---"
"Query Date: Sep 15, 2026 8:10:05 PM"
"---"
"Suggested Citation: Centers for Disease Control and Prevention, National Center for Health Statistics. National Vital Statistics"
"System, Natality on CDC WONDER Online Database. Data are from the Natality Records 2016-2024, as compiled from data provided by"
"the 57 vital statistics jurisdictions through the Vital Statistics Cooperative Program. Accessed at"
"http://wonder.cdc.gov/natality-expanded-current.html on Sep 15, 2026 8:10:05 PM"
"---"
Caveats:
"1. Each birth record represents one liveborn infant."