"Notes","Plurality","Plurality Code",Births
,"Single","1",3482971
,"Twin","2",110393
,"Triplet or higher","3",2653
"---"
"Dataset: Natality, 2016-2024 expanded"
"Query Parameters:"
"Year: 2023"
"Group By: Plurality"
"Show Totals: False"
"Show Zero Values: True"
"Show Suppressed: True"
"Calculate Rates Per: 1,000"
"---"
"Help: See http://wonder.cdc.gov/wonder/help/natality-expanded.html for more information."
"---"
"Query Date: Sep 16, 2026 2:23:16 PM"
"---"
"Suggested Citation: Centers for Disease Control and Prevention, National Center for Health Statistics. National Vital Statistics"
"System, Natality on CDC WONDER Online Database. Data are from the Natality Records 2016-2024, as compiled from data provided by"
"the 57 vital statistics jurisdictions through the Vital Statistics Cooperative Program. Accessed at"
"http://wonder.cdc.gov/natality-expanded-current.html on Sep 16, 2026 2:23:16 PM"
"---"
Caveats:
"1. Each birth record represents one liveborn infant."