"Notes","County of Residence","County of Residence Code","Sex of Infant","Sex of Infant Code",Births
,"Arlington County, VA","51013","Female","F",1189
,"Arlington County, VA","51013","Male","M",1265
,"Chesterfield County, VA","51041","Female","F",2030
,"Chesterfield County, VA","51041","Male","M",2107
,"Fairfax County, VA","51059","Female","F",6058
,"Fairfax County, VA","51059","Male","M",6417
,"Henrico County, VA","51087","Female","F",1808
,"Henrico County, VA","51087","Male","M",1883
,"Loudoun County, VA","51107","Female","F",2380
,"Loudoun County, VA","51107","Male","M",2592
,"Prince William County, VA","51153","Female","F",3010
,"Prince William County, VA","51153","Male","M",3237
,"Spotsylvania County, VA","51177","Female","F",767
,"Spotsylvania County, VA","51177","Male","M",826
,"Stafford County, VA","51179","Female","F",893
,"Stafford County, VA","51179","Male","M",898
,"Alexandria city, VA","51510","Female","F",1111
,"Alexandria city, VA","51510","Male","M",1076
,"Chesapeake city, VA","51550","Female","F",1429
,"Chesapeake city, VA","51550","Male","M",1557
,"Hampton city, VA","51650","Female","F",804
,"Hampton city, VA","51650","Male","M",851
,"Newport News city, VA","51700","Female","F",1184
,"Newport News city, VA","51700","Male","M",1336
,"Norfolk city, VA","51710","Female","F",1532
,"Norfolk city, VA","51710","Male","M",1582
,"Richmond city, VA","51760","Female","F",1481
,"Richmond city, VA","51760","Male","M",1498
,"Virginia Beach city, VA","51810","Female","F",2580
,"Virginia Beach city, VA","51810","Male","M",2804
,"Unidentified Counties, VA","51999","Female","F",18270
,"Unidentified Counties, VA","51999","Male","M",19370
"---"
"Dataset: Natality, 2016-2024 expanded"
"Query Parameters:"
"States: Virginia (51)"
"Year: 2021"
"Group By: County of Residence; Sex of Infant"
"Show Totals: False"
"Show Zero Values: True"
"Show Suppressed: True"
"Calculate Rates Per: 1,000"
"---"
"Help: See http://wonder.cdc.gov/wonder/help/natality-expanded.html for more information."
"---"
"Query Date: Sep 18, 2026 1:54:38 PM"
"---"
"Suggested Citation: Centers for Disease Control and Prevention, National Center for Health Statistics. National Vital Statistics"
"System, Natality on CDC WONDER Online Database. Data are from the Natality Records 2016-2024, as compiled from data provided by"
"the 57 vital statistics jurisdictions through the Vital Statistics Cooperative Program. Accessed at"
"http://wonder.cdc.gov/natality-expanded-current.html on Sep 18, 2026 1:54:38 PM"
"---"
Caveats:
"1. Each birth record represents one liveborn infant."
"2. County-level data are shown only for counties with populations of 100,000 persons or more. Within each state, data for all"
"counties with fewer than 100,000 persons are combined together under the label ""Unidentified Counties."""